name,valid,quality,mode,atmosphere,hour,fps,p50Ms,p95Ms,calls,triangles,geometries,textures
baseline-overview-clear,true,high,orbit,clear,14,36.47036782614126,32.80000000000291,34,792,3893957,631,40
candidate-overview-clear,true,high,orbit,clear,14,33.94992386229045,33,34.40000000000873,792,3893957,630,38
baseline-overview-overcast,true,high,orbit,overcast,14,36.702287026919706,32.80000000000291,34.10000000000582,775,3887629,631,41
candidate-overview-overcast,true,high,orbit,overcast,14,35.899033966941204,32.79999999998836,34.5,781,3889637,630,39
baseline-overview-dusk,true,high,orbit,clear,19.8,36.99630037000437,32.69999999999709,34,784,3890945,631,41
candidate-overview-dusk,true,high,orbit,clear,19.8,36.73723536731783,32.5,34.5,776,3887629,631,41
baseline-overview-night,true,high,orbit,clear,23,36.61680636684059,32.89999999999418,34,794,3893957,631,41
candidate-overview-night,true,high,orbit,clear,23,36.22917756029282,32.60000000000582,34.5,794,3893957,631,41
baseline-downtown-clear,true,high,orbit,clear,14,23.961661341870826,49,50.89999999999418,1073,7411443,648,45
candidate-downtown-clear,true,high,orbit,clear,14,23.801216229670306,48,50.79999999998836,1094,7419411,650,45
baseline-downtown-overcast,true,high,orbit,overcast,14,23.195201336850314,49.09999999997672,50.69999999998254,1090,7420667,648,45
candidate-downtown-overcast,true,high,orbit,overcast,14,23.76833957614317,48.19999999998254,51.10000000000582,1099,7425275,650,45
baseline-downtown-dusk,true,high,orbit,clear,19.8,23.850851013384506,49,50.89999999999418,1119,7428027,648,45
candidate-downtown-dusk,true,high,orbit,clear,19.8,23.77692020415785,48,51.19999999998254,1097,7422283,650,45
baseline-downtown-night,true,high,orbit,clear,23,23.830020835699216,49.10000000000582,50.69999999998254,1106,7426979,648,45
candidate-downtown-night,true,high,orbit,clear,23,23.783137630900665,48.10000000000582,51.29999999998836,1098,7425267,650,45
baseline-gastown-clear,true,high,walk,clear,14,22.75411874420535,49.29999999998836,50.90000000002328,1217,8319579,699,54
candidate-gastown-clear,true,high,walk,clear,14,22.907796120614492,48.79999999998836,51,1196,8310943,690,54
baseline-gastown-overcast,true,high,walk,overcast,14,22.93063482964879,49.399999999965075,50.79999999998836,1217,8319579,699,54
candidate-gastown-overcast,true,high,walk,overcast,14,22.435497943387702,49.10000000000582,51.19999999998254,1209,8312463,690,54
baseline-gastown-dusk,true,high,walk,clear,19.8,23.076251418877554,49.29999999998836,50.800000000046566,1210,8315547,699,54
candidate-gastown-dusk,true,high,walk,clear,19.8,22.704024350656105,48.70000000001164,51.29999999998836,1209,8318431,690,54
baseline-gastown-night,true,high,walk,clear,23,23.007660929260805,49.20000000001164,50.79999999998836,1211,8315547,699,54
candidate-gastown-night,true,high,walk,clear,23,22.941785219995698,48.80000000001746,51.19999999998254,1210,8315447,690,54
baseline-gastown-roofs-clear,true,high,orbit,clear,14,29.47126551613275,33.39999999990687,49,401,4799353,701,54
candidate-gastown-roofs-clear,true,high,orbit,clear,14,29.111172193186462,33.40000000002328,48.79999999998836,401,4796369,692,54
baseline-gastown-roofs-overcast,true,high,orbit,overcast,14,29.51689437437601,33.40000000002328,34.300000000046566,401,4796369,701,54
candidate-gastown-roofs-overcast,true,high,orbit,overcast,14,29.22406364349458,33.40000000002328,48.90000000002328,389,4786473,692,54
baseline-gastown-roofs-dusk,true,high,orbit,clear,19.8,29.575461102697226,33.40000000002328,34.300000000046566,389,4789457,701,54
candidate-gastown-roofs-dusk,true,high,orbit,clear,19.8,29.090091889721414,33.300000000046566,49.20000000001164,389,4788477,692,54
baseline-gastown-roofs-night,true,high,orbit,clear,23,30.062995072662634,33.300000000046566,34.199999999953434,389,4791865,701,54
candidate-gastown-roofs-night,true,high,orbit,clear,23,28.95078366775395,33.59999999997672,49,415,4796929,692,54
baseline-drive-clear,true,high,drive,clear,14,30.87075527119612,33.300000000046566,34.300000000046566,644,4584363,738,55
candidate-drive-clear,true,high,drive,clear,14,30.08438607879367,33.29999999998836,48.5,644,4587347,729,55
baseline-drive-overcast,true,high,drive,overcast,14,31.05435135072338,33.300000000046566,49,644,4584363,738,55
candidate-drive-overcast,true,high,drive,overcast,14,30.307943674586195,33.20000000001164,49.20000000001164,644,4587347,729,55
baseline-drive-dusk,true,high,drive,clear,19.8,31.101877309349163,33.29999999993015,34.20000000006985,642,4583211,738,55
candidate-drive-dusk,true,high,drive,clear,19.8,30.651150041106103,33.29999999998836,34.800000000046566,636,4582739,729,55
baseline-drive-night,true,high,drive,clear,23,30.99341389959252,33.300000000046566,49.09999999997672,638,4580331,738,55
candidate-drive-night,true,high,drive,clear,23,30.560822273203414,33.199999999953434,48.40000000002328,637,4582739,729,55
