file,kind,fps,p95Ms,calls,triangles,textures,valid,sourceFingerprint
cedar-baseline-clear.json,offline-asset-checkpoint-v1,32.237105157960926,34.79999999993015,679,3584217,57,True,ce82fd515ecd4c0228e266832763f5015e2bc9e3698d8ca82c0f373002c0fcdb
cedar-lod0-clear.json,offline-asset-checkpoint-v1,32.29144588377592,35,646,3534187,57,True,ce82fd515ecd4c0228e266832763f5015e2bc9e3698d8ca82c0f373002c0fcdb
cedar-lod0-dusk.json,offline-asset-checkpoint-v1,32.8643190962938,34.70000000006985,654,3536211,57,True,ce82fd515ecd4c0228e266832763f5015e2bc9e3698d8ca82c0f373002c0fcdb
cedar-lod0-night.json,offline-asset-checkpoint-v1,32.35599085538442,34.59999999997672,666,3538839,57,True,ce82fd515ecd4c0228e266832763f5015e2bc9e3698d8ca82c0f373002c0fcdb
cedar-lod0-overcast.json,offline-asset-checkpoint-v1,33.07868983425053,34.59999999997672,631,3526183,57,True,ce82fd515ecd4c0228e266832763f5015e2bc9e3698d8ca82c0f373002c0fcdb
cedar-lod1-clear.json,offline-asset-checkpoint-v1,32.87179998008361,34.5,623,3524239,57,True,ce82fd515ecd4c0228e266832763f5015e2bc9e3698d8ca82c0f373002c0fcdb
citizen-baseline-clear.json,offline-asset-checkpoint-v1,25.12719085470233,50.400000000001455,1132,7492407,55,True,ce82fd515ecd4c0228e266832763f5015e2bc9e3698d8ca82c0f373002c0fcdb
citizen-baseline-dusk.json,offline-asset-checkpoint-v1,24.87126930960818,50.60000000000582,1137,7496431,57,True,ce82fd515ecd4c0228e266832763f5015e2bc9e3698d8ca82c0f373002c0fcdb
citizen-baseline-night.json,offline-asset-checkpoint-v1,25.242111840054665,50.5,1135,7494703,57,True,ce82fd515ecd4c0228e266832763f5015e2bc9e3698d8ca82c0f373002c0fcdb
citizen-baseline-overcast.json,offline-asset-checkpoint-v1,25.007464914899952,50.59999999999127,1148,7501623,56,True,ce82fd515ecd4c0228e266832763f5015e2bc9e3698d8ca82c0f373002c0fcdb
citizen-candidate-clear.json,offline-asset-checkpoint-v1,24.89388979475915,50.5,1146,7501615,57,True,ce82fd515ecd4c0228e266832763f5015e2bc9e3698d8ca82c0f373002c0fcdb
citizen-candidate-dusk.json,offline-asset-checkpoint-v1,25.006531556754535,50.29999999998836,1146,7501615,57,True,ce82fd515ecd4c0228e266832763f5015e2bc9e3698d8ca82c0f373002c0fcdb
citizen-candidate-night.json,offline-asset-checkpoint-v1,25.019293485035046,50.60000000000582,1147,7501615,57,True,ce82fd515ecd4c0228e266832763f5015e2bc9e3698d8ca82c0f373002c0fcdb
citizen-candidate-overcast.json,offline-asset-checkpoint-v1,24.996250562429605,50.79999999998836,1146,7501615,57,True,ce82fd515ecd4c0228e266832763f5015e2bc9e3698d8ca82c0f373002c0fcdb
modern-baseline-clear.json,offline-asset-checkpoint-v1,30.77689863560483,34.90000000002328,675,3758669,57,True,ce82fd515ecd4c0228e266832763f5015e2bc9e3698d8ca82c0f373002c0fcdb
modern-lod0-clear.json,offline-asset-checkpoint-v1,30.67408164792144,34.899999999965075,712,3774389,57,True,ce82fd515ecd4c0228e266832763f5015e2bc9e3698d8ca82c0f373002c0fcdb
modern-lod0-dusk.json,offline-asset-checkpoint-v1,30.74884691826343,35.100000000034925,721,3780297,57,True,ce82fd515ecd4c0228e266832763f5015e2bc9e3698d8ca82c0f373002c0fcdb
modern-lod0-night.json,offline-asset-checkpoint-v1,30.564634846195933,35,713,3776817,57,True,ce82fd515ecd4c0228e266832763f5015e2bc9e3698d8ca82c0f373002c0fcdb
modern-lod0-overcast.json,offline-asset-checkpoint-v1,30.36740814798554,35.09999999997672,721,3780297,57,True,ce82fd515ecd4c0228e266832763f5015e2bc9e3698d8ca82c0f373002c0fcdb
modern-lod1-clear.json,offline-asset-checkpoint-v1,30.339730063823367,35,725,3780689,57,True,ce82fd515ecd4c0228e266832763f5015e2bc9e3698d8ca82c0f373002c0fcdb
offline-baseline-2048-high-citizen-motion-2s.json,upgrade-citizen-motion-v1,25.270042612228572,51.20000000001164,,,,True,ce82fd515ecd4c0228e266832763f5015e2bc9e3698d8ca82c0f373002c0fcdb
offline-baseline-2048-high-citizen-motion-4s.json,upgrade-citizen-motion-v1,25.718383698577373,50,,,,True,ce82fd515ecd4c0228e266832763f5015e2bc9e3698d8ca82c0f373002c0fcdb
offline-baseline-2048-high-citizen-motion-8s.json,upgrade-citizen-motion-v1,25.23990403839397,50.20000000001164,,,,True,ce82fd515ecd4c0228e266832763f5015e2bc9e3698d8ca82c0f373002c0fcdb
offline-candidate-1024-high-citizen-motion-2s.json,upgrade-citizen-motion-v1,24.948854847562423,50.5,,,,True,ce82fd515ecd4c0228e266832763f5015e2bc9e3698d8ca82c0f373002c0fcdb
offline-candidate-1024-high-citizen-motion-4s.json,upgrade-citizen-motion-v1,25.479616307011415,50.70000000001164,,,,True,ce82fd515ecd4c0228e266832763f5015e2bc9e3698d8ca82c0f373002c0fcdb
offline-candidate-1024-high-citizen-motion-8s.json,upgrade-citizen-motion-v1,25.237381309364046,50.39999999999418,,,,True,ce82fd515ecd4c0228e266832763f5015e2bc9e3698d8ca82c0f373002c0fcdb
offline-role-materials-clear.json,offline-role-study-v1,,,,4560,24,True,1d4d32351062b2fc80a26aa1e7964ef9fb7007079f2f7671f3bc922d5412ebb0
offline-role-materials-dusk.json,offline-role-study-v1,,,,4560,24,True,1d4d32351062b2fc80a26aa1e7964ef9fb7007079f2f7671f3bc922d5412ebb0
offline-role-materials-night.json,offline-role-study-v1,,,,4560,24,True,1d4d32351062b2fc80a26aa1e7964ef9fb7007079f2f7671f3bc922d5412ebb0
offline-role-materials-overcast.json,offline-role-study-v1,,,,4560,24,True,1d4d32351062b2fc80a26aa1e7964ef9fb7007079f2f7671f3bc922d5412ebb0
park-broadleaf-baseline-10m-clear.json,offline-asset-checkpoint-v1,34.98593092458133,33.90000000000873,220,2868635,45,True,1d4d32351062b2fc80a26aa1e7964ef9fb7007079f2f7671f3bc922d5412ebb0
park-broadleaf-baseline-10m-dusk.json,offline-asset-checkpoint-v1,35.60274828233015,34,227,2874499,46,True,1d4d32351062b2fc80a26aa1e7964ef9fb7007079f2f7671f3bc922d5412ebb0
park-broadleaf-baseline-10m-night.json,offline-asset-checkpoint-v1,35.16297164517824,34,226,2871515,46,True,1d4d32351062b2fc80a26aa1e7964ef9fb7007079f2f7671f3bc922d5412ebb0
park-broadleaf-baseline-10m-overcast.json,offline-asset-checkpoint-v1,35.72451049951412,33.90000000000873,212,2864027,46,True,1d4d32351062b2fc80a26aa1e7964ef9fb7007079f2f7671f3bc922d5412ebb0
park-broadleaf-baseline-30m-clear.json,offline-asset-checkpoint-v1,37.72783489701195,34.09999999997672,221,2896287,47,True,1d4d32351062b2fc80a26aa1e7964ef9fb7007079f2f7671f3bc922d5412ebb0
park-broadleaf-candidate-10m-clear.json,offline-asset-checkpoint-v1,35.638185193953944,34,225,2871515,47,True,1d4d32351062b2fc80a26aa1e7964ef9fb7007079f2f7671f3bc922d5412ebb0
park-broadleaf-candidate-10m-dusk.json,offline-asset-checkpoint-v1,35.68665618524465,34.100000000034925,213,2864603,47,True,1d4d32351062b2fc80a26aa1e7964ef9fb7007079f2f7671f3bc922d5412ebb0
park-broadleaf-candidate-10m-night.json,offline-asset-checkpoint-v1,36.10018112548962,33.79999999998836,220,2868059,47,True,1d4d32351062b2fc80a26aa1e7964ef9fb7007079f2f7671f3bc922d5412ebb0
park-broadleaf-candidate-10m-overcast.json,offline-asset-checkpoint-v1,35.64618049929585,34,225,2871515,47,True,1d4d32351062b2fc80a26aa1e7964ef9fb7007079f2f7671f3bc922d5412ebb0
park-broadleaf-candidate-30m-clear.json,offline-asset-checkpoint-v1,37.819216655447306,33.79999999998836,227,2897911,47,True,1d4d32351062b2fc80a26aa1e7964ef9fb7007079f2f7671f3bc922d5412ebb0
park-conifer-baseline-30m-clear.json,offline-asset-checkpoint-v1,36.747703268572984,34.40000000002328,189,2590299,47,True,1d4d32351062b2fc80a26aa1e7964ef9fb7007079f2f7671f3bc922d5412ebb0
park-conifer-candidate-30m-clear.json,offline-asset-checkpoint-v1,36.86314557206393,34.59999999997672,209,2601819,47,True,1d4d32351062b2fc80a26aa1e7964ef9fb7007079f2f7671f3bc922d5412ebb0
promoted-citizen-clear.json,offline-asset-checkpoint-v1,27.95690908414185,66.5,1142,7536397,58,True,1d4d32351062b2fc80a26aa1e7964ef9fb7007079f2f7671f3bc922d5412ebb0
