asset_id,中文名稱,類別,LOD,Blender來源路徑,GLB路徑,寬m,高m,深m,最低高度m,最高高度m,三角形,材質,材質數,primitive數,GLBbytes,GLBsha256,來源sha256,建議profile,整合狀態,授權
modern-recessed-window-surround,現代深窗洞框,window-frame,0,tools/assets/architecture-expansion/source/modern-recessed-window-surround.lod0.blend,tools/assets/architecture-expansion/assets/modern-recessed-window-surround.lod0.glb,2.2,1.75,0.24,0.0,1.75,56,painted-metal,1,1,164336,d86e11bc9a058f2c0bf167757cfacfa7d3a8e2adec5a00c6d0e7cfdce2a02c4c,9f1a3f16a65973209c6c8da2fcabdb611a850249dadf4f84b5687d835f9c7597,midrise-grid;curtain-wall,尚未整合,LicenseRef-Vancouver-Living-Atlas-NC-1.0
modern-recessed-window-surround,現代深窗洞框,window-frame,1,tools/assets/architecture-expansion/source/modern-recessed-window-surround.lod1.blend,tools/assets/architecture-expansion/assets/modern-recessed-window-surround.lod1.glb,2.2,1.75,0.24,0.0,1.75,40,painted-metal,1,1,162704,9902d3a3aa8da4eecfeb92e71bb46123df229f324a82d4b003053077ace1dfdb,d9bce8d45ceeda617ef3e29705f1b65cb43b7e9c89dd221ffd70bc67fd6a74b9,midrise-grid;curtain-wall,尚未整合,LicenseRef-Vancouver-Living-Atlas-NC-1.0
modern-sill-drip,現代折板滴水窗台,sill,0,tools/assets/architecture-expansion/source/modern-sill-drip.lod0.blend,tools/assets/architecture-expansion/assets/modern-sill-drip.lod0.glb,2.26,0.16,0.3,0.0,0.16,52,painted-metal,1,1,163708,4ffbc27581ec89f38fbc1e939868ea228ab779ff822c4238a2233382771d9b15,4f4e36c7838935f01666dd388a8c85ae8d6d3cefecd8ff88dc427f87a2df7906,midrise-grid;curtain-wall,尚未整合,LicenseRef-Vancouver-Living-Atlas-NC-1.0
modern-sill-drip,現代折板滴水窗台,sill,1,tools/assets/architecture-expansion/source/modern-sill-drip.lod1.blend,tools/assets/architecture-expansion/assets/modern-sill-drip.lod1.glb,2.26,0.16,0.3,0.0,0.16,36,painted-metal,1,1,162456,a5123b8c14d9ad07a10328094ef4a3738873d0104117fc4a3155cd285b511156,c2a123dda918928ee3de06a038c920f51f3f3c1ef81346463e18b52720cd94d2,midrise-grid;curtain-wall,尚未整合,LicenseRef-Vancouver-Living-Atlas-NC-1.0
modern-parapet-cap,現代女兒牆壓頂,parapet,0,tools/assets/architecture-expansion/source/modern-parapet-cap.lod0.blend,tools/assets/architecture-expansion/assets/modern-parapet-cap.lod0.glb,2.4,0.19,0.46,0.0,0.19,60,painted-metal,1,1,164340,99e7eba42f085a31fa5839504ae1f555041c41911644373e616d16e9e5a0e13a,55ccd38932aaf3e2f5f7d89500731a22317b1daddea2611d25aab960bf10b0b8,midrise-grid;balcony-slab;curtain-wall,尚未整合,LicenseRef-Vancouver-Living-Atlas-NC-1.0
modern-parapet-cap,現代女兒牆壓頂,parapet,1,tools/assets/architecture-expansion/source/modern-parapet-cap.lod1.blend,tools/assets/architecture-expansion/assets/modern-parapet-cap.lod1.glb,2.4,0.19,0.46,0.0,0.19,28,painted-metal,1,1,161840,dbb39173177b8c0c6b5e26e8876678063b507bcbb91959a2287bf93b09d2da8d,62f0b673475f4c46c58b1fda328893c9b207aa060743e8bf69e0bb5f854e6b92,midrise-grid;balcony-slab;curtain-wall,尚未整合,LicenseRef-Vancouver-Living-Atlas-NC-1.0
concrete-shadow-plinth,混凝土凹槽基座,base,0,tools/assets/architecture-expansion/source/concrete-shadow-plinth.lod0.blend,tools/assets/architecture-expansion/assets/concrete-shadow-plinth.lod0.glb,2.4,0.5,0.16,0.0,0.5,44,concrete,1,1,230204,8e052a4c48fcab7f6637587de020373e15d87738bfb02d8738098c651ec3ef92,13184c2e3ae375a64cb11fd3bd6c0808be1f5bf640f1f825f86f42a1c576ea15,midrise-grid;balcony-slab;curtain-wall,尚未整合,LicenseRef-Vancouver-Living-Atlas-NC-1.0
concrete-shadow-plinth,混凝土凹槽基座,base,1,tools/assets/architecture-expansion/source/concrete-shadow-plinth.lod1.blend,tools/assets/architecture-expansion/assets/concrete-shadow-plinth.lod1.glb,2.4,0.5,0.16,0.0,0.5,40,concrete,1,1,229796,fb66705803d2dc379d3e065c9c56a0a9a34540db1af12e1d32c5a664cc35d0dc,a1027d6ea9efd6fdf63a24b45975845bf9f64e89ad88faf0e07b913ed9e19bc0,midrise-grid;balcony-slab;curtain-wall,尚未整合,LicenseRef-Vancouver-Living-Atlas-NC-1.0
concrete-chamfer-corner,混凝土倒角轉角,corner,0,tools/assets/architecture-expansion/source/concrete-chamfer-corner.lod0.blend,tools/assets/architecture-expansion/assets/concrete-chamfer-corner.lod0.glb,0.36,2.7,0.36,0.0,2.7,136,concrete,1,1,239020,92ab186002eda5f9eedb10cd00fe374163380cf45628e35720cb6950d17a2d43,aec1605a81e108a76e786899250502d0c037e23eb14cf48e53a0aed16003c59f,midrise-grid;balcony-slab,尚未整合,LicenseRef-Vancouver-Living-Atlas-NC-1.0
concrete-chamfer-corner,混凝土倒角轉角,corner,1,tools/assets/architecture-expansion/source/concrete-chamfer-corner.lod1.blend,tools/assets/architecture-expansion/assets/concrete-chamfer-corner.lod1.glb,0.36,2.7,0.36,0.0,2.7,24,concrete,1,1,228544,6d465227e96207e13bec49c3219cc916d19fb9305107a0bad94ecff23a91001a,32ab72e2dfd0c324eeb7d3834844a035888b213180d006f741c32b89d9f785b6,midrise-grid;balcony-slab,尚未整合,LicenseRef-Vancouver-Living-Atlas-NC-1.0
residential-cedar-window-surround,住宅雪松窗框,window-frame,0,tools/assets/architecture-expansion/source/residential-cedar-window-surround.lod0.blend,tools/assets/architecture-expansion/assets/residential-cedar-window-surround.lod0.glb,1.62,1.84,0.16,0.0,1.84,112,cedar,1,1,242148,5beacd0e5f7220747f05fed2df2eae8d94cb2f27aed6f3d9485095232ecf1fe9,cb967828748869a838fbf00ca0e7e65590dc521c2988d61b442e7003efe2459d,domestic-cladding,尚未整合,LicenseRef-Vancouver-Living-Atlas-NC-1.0
residential-cedar-window-surround,住宅雪松窗框,window-frame,1,tools/assets/architecture-expansion/source/residential-cedar-window-surround.lod1.blend,tools/assets/architecture-expansion/assets/residential-cedar-window-surround.lod1.glb,1.62,1.84,0.16,0.0,1.84,64,cedar,1,1,237252,3d712d3624689102715a44ead7fa1359c49ba459fc89c60e05e45fe797516acd,f25e14e4e2ab74213e30021405c56d978419855b307771096cf9c27c599ffa6a,domestic-cladding,尚未整合,LicenseRef-Vancouver-Living-Atlas-NC-1.0
residential-cedar-sill,住宅雪松斜窗台,sill,0,tools/assets/architecture-expansion/source/residential-cedar-sill.lod0.blend,tools/assets/architecture-expansion/assets/residential-cedar-sill.lod0.glb,1.62,0.13,0.29,0.0,0.13,40,cedar,1,1,234228,9799bf34eb174dadc3fae00ee717749f43417f45e1022e426e01596b51eee278,3843e0de41c7011dc76d91d2f8820ff808f339750d6e234085cadad28ab1950f,domestic-cladding,尚未整合,LicenseRef-Vancouver-Living-Atlas-NC-1.0
residential-cedar-sill,住宅雪松斜窗台,sill,1,tools/assets/architecture-expansion/source/residential-cedar-sill.lod1.blend,tools/assets/architecture-expansion/assets/residential-cedar-sill.lod1.glb,1.62,0.13,0.29,0.0,0.13,20,cedar,1,1,232664,876cb6089d04d82d57a6353411b35ba46c7692eb9810e8134b4a1b36ae526c8b,f71e5d8e9e85e27d39689f24f0b1e1dd2da6d1aeeda158aaf63d88cd3017f955,domestic-cladding,尚未整合,LicenseRef-Vancouver-Living-Atlas-NC-1.0
residential-gabled-entry-canopy,住宅雙坡入口雨棚,awning,0,tools/assets/architecture-expansion/source/residential-gabled-entry-canopy.lod0.blend,tools/assets/architecture-expansion/assets/residential-gabled-entry-canopy.lod0.glb,2.0,0.74,1.06,2.36,3.1,144,cedar,1,1,244928,114bcdfdf3059a77568c1073f6d20ef4924e75551b69ea1167bd9cfc7a432793,e1a0d9612ec509117685f8f4da2e0674d49d6e31ef11919fe2567fa853d467bf,domestic-cladding,尚未整合,LicenseRef-Vancouver-Living-Atlas-NC-1.0
residential-gabled-entry-canopy,住宅雙坡入口雨棚,awning,1,tools/assets/architecture-expansion/source/residential-gabled-entry-canopy.lod1.blend,tools/assets/architecture-expansion/assets/residential-gabled-entry-canopy.lod1.glb,2.0,0.74,1.06,2.36,3.1,68,cedar,1,1,237556,e8b56d532417ebfe41ff75e84b32f500c14eb79f93c805c3c23c71cb7de82702,7234c211af8883d2079b036279c0eaed48338e871f26b2798e9d913e8db21d5b,domestic-cladding,尚未整合,LicenseRef-Vancouver-Living-Atlas-NC-1.0
